completion,prompt
"1,000 Blind People See For The First Time",blind
I Survived 50 Hours In Antarctica,antarctica
Hydraulic Press Vs Lamborghini,hydraulic press
Hydraulic Press Vs Lamborghini,lamborghini
Would You Fly To Paris For A Baguette?,paris
Would You Fly To Paris For A Baguette?,baguette
Gordon Ramsay Tries Most Expensive Chocolate Bar!,gordon ramsay
Gordon Ramsay Tries Most Expensive Chocolate Bar!,expensive chocolate
Giving iPhones Instead Of Candy on Halloween,halloween
"$1 vs $1,000,000 Hotel Room!",hotel room
I Survived A Plane Crash,plane crash
I Built Willy Wonka's Chocolate Factory!,willy wonka
"$10,000 Every Day You Survive Prison",prison
"Would You Swim With Sharks For $100,000?",sharks
World's Most Dangerous Escape Room!,escape room
"Extreme $1,000,000 Hide And Seek",hide and seek
"$456,000 Squid Game In Real Life!",squid game
"Last To Take Hand Off Lamborghini, Keeps It",lamborghini
"Extreme $500,000 Game Of Tag!",tag
I Survived 50 Hours In A Maximum Security Prison,prison
I Got Hunted By A Real Bounty Hunter,bounty hunter
"Extreme $100,000 Game of Tag!",tag
"Would You Sit In Snakes For $10,000?",snakes
I Spent 50 Hours Buried Alive,buried alive
"I Ate $100,000 Golden Ice Cream",ice cream
"Youtube Rewind 2020, Thank God It's Over",youtube rewind
"I Put 1,000,000,000 Christmas Lights On A House (World Record)",christmas lights
"Steal This $100,000 Diamond, You Keep It",steal
"Steal This $100,000 Diamond, You Keep It",diamond
"Press This Button To Win $100,000!",button
I Survived 24 Hours Straight In Ice,ice
"$300,000 Influencer Trivia Tournament!",influencer trivia
"Would You Rather Have A Giant Diamond or $100,000?",giant diamond
"Get This Random Person 1,000,000 Subscribers",random person
Would YOU Rather Have A Lamborghini or This House?,lamborghini
I Bought A Private Island,private island
"I Spent $1,000,000 On Lottery Tickets and WON",lottery tickets
I Adopted EVERY Dog In A Dog Shelter,dog shelter
"I Bought The World's Largest Firework ($600,000)",largest firework
"Would You Rather Have $100,000 OR This Mystery Key?",mystery key
I Built The World's Largest Lego Tower,largest lego tower
I Spent 50 Hours In Solitary Confinement,solitary confinement
I Spent 24 Hours In A Doomsday Bunker,doomsday bunker
I Ran A Marathon In The World's Largest Shoes,marathon
I Ran A Marathon In The World's Largest Shoes,largest shoes
"Lamborghini Race, Winner Keeps Lamborghini",lamborghini
I Gave My Credit Card To Random People,credit card
I Went Back To Boy Scouts For A Day,scouts
"Giving 10,000 Presents To Kids For Christmas",christmas
I Opened A FREE BANK,free bank
"Going Around A Ferris Wheel 1,000 Times Straight",ferris wheel
Surviving 24 Hours Straight In The Bermuda Triangle,bermuda triangle
"I Spent $100,000 On Lottery Tickets And Won!",lottery tickets
"Planting 20,000,000 Trees, My Biggest Project Ever!",trees
"I Searched 100 Dumpsters, Here's What I Found",dumpsters
I Opened A Free Car Dealership,free car dealership
"Can 50,000 Magnets Catch A Cannon Ball?",magnets
"Can 50,000 Magnets Catch A Cannon Ball?",cannon ball
World's Largest Game Of Dodgeball,dodgeball
Tipping Waitresses With Real Gold Bars,tipping waitresses
I Opened The World's First FREE Store,free store
Spending 24 Hours On Top Of A Mountain,mountain
"Paying People $10,000 To Eat Ghost Pepper",ghost pepper
World's Largest Bowl Of Cereal,cereal
Homeless Man Buys A Lamborghini,homeless
Homeless Man Buys A Lamborghini,lamborghini
"Last To Leave The Tesla, Keeps It Challenge",tesla
Surprising Strangers With 100 Zombies - Experiment,zombies
I Gave A Homeless Man A Home,homeless
Giant Monopoly Game With Real Money,giant monopoly game
I Spent 24 Hours Straight In Insane Asylum,insane asylum
"Eating A $10,000 Golden Steak (24k Gold)",golden steak
I Spent 24 Hours Straight In Prison - Challenge,prison
Donating $10000 To Pewdiepie,pewdiepie
I Put Millions Of Pennies In My Friends Backyard,pennies
Surprising TFue With A Fortnite Battle Bus In Real Life,fortnite
I Built A Giant House Using Only Legos,legos
I Put 100 Million Orbeez In My Friend's Backyard,backyard
"$10,000 Games Of Rock Paper Scissors",rock paper scissors
I Bought Every Billboard In My City For This,billboard
"I Spent $50,000 On Lottery Tickets And Won ____",lottery tickets
Things That SHOULDN'T Be Sold On Amazon,amazon
I Hope This Magic Trick Works,magic trick
"Attempting The Impossible Maze - $10,000 Challenge",impossible maze
I Ubered Random People In A Tank,tank
I Built A Working Car Using Only LEGOS,legos
"We Drove 3,000 Miles For The World's Best Burger",burger
I Took Apart My Friends Car And Put It In His Room,car
"I Gave $20,000 To People From An Ice Cream Truck",ice cream
Walking Up To Random People With 100 StormTroopers,stormtroopers
"I Donated $10,000 If They Said This Word (Twitch Streamers)",twitch streamers
"Giving My 4,000,000th Subscriber 4,000,000 Cookies",cookies
Walking Into Random Stores With 100 Dinosaurs,dinosaurs
I Built A Mansion Using Only Cardboard Boxes,cardboard boxes
Breaking Glass Using Only Megaphones,megaphones
Tying My Shoes In Every State (World Record),shoes
"I Dropped $20,000 From A Drone",drone
Trying To Fly Using Only Leaf Blowers,leaf blowers
"Giving 3,000,000 Pennies To My 3,000,000th Subscriber",pennies
"I Gave $20,000 To Random Homeless People",homeless
We Delivered 100 Pizzas To Random Houses,pizzas
I Bought A Car Using Only Pennies,pennies
I Bought One Snickers Bar From Every Walmart,snickers
How Many Balloons Does It Take To Float?,float
"Can 10,000 Condoms Stop A Bullet?",bullet
"Can 100,000 Pieces Of Paper Stop A Bullet?",bullet
"2,256 Miles In One Uber Ride (World Record)",uber ride
What Actually Happens When You Click On Spam Ads,spam ads
Going To The Connor McGregor fight!,connor mcgregor
Toothpaste Life Hacks YOU SHOULD KNOW,toothpaste
"Reading The Longest English Word (190,000 Characters)",reading
I Can't Break My Strange Addiction,strange addiction
Savage Level 9000,savage level
Reading The Youtube Terms Of Service,reading
"Counting To 200,000 (Road To A Mil)",counting
Microwaving A Microwave Microwaving A Toaster,toaster
Microwaving A Microwave,microwave
IF YOU ONLY SEE ORANGE YOU'RE COLOR BLIND,color blind
"Reading The Entire Bee Movie Script But Everytime They Say ""Bee"" I Repeat All the Previous Bees",bee
BLOWING UP $1000 KEYBOARD *RIP WALLET*,keyboard
I BOUGHT A 1000$ KEYBOARD,keyboard
Epic New Gaming And Youtube Setup 2016,gaming
100 LAYERS OF SARAN WRAP + TOILET PAPER!!,toilet paper
SURPRISING MY BROTHER WITH A LAPTOP,laptop
Worst Reviews On Amazon #1 (Minecraft Edition),amazon
How Many Licks Does It Take To Get To The Center Of A Tootsie Pop?,tootsie pop
NBA Interviews Gone Wrong (No Gun Pulled),nba
HOW TO MAKE A VIRAL PRANK VIDEO 100% LEGIT,viral prank video
Is Obama Dead? Dumb Google Searches!,dumb google searches
Lottery Taxes - How Much Tax Is If You Win The Lottery,lottery taxes
Lottery Taxes - How Much Tax Is If You Win The Lottery,lottery
How To Get Active Subscribers On Youtube? Tips 2016,tips
MrBeast Rest In Pepperoni 6000,pepperoni
Do Youtubers Pay Taxes????? (USA),usa
How To Make Illuminati Confirmed Videos Like Peladophobian,peladophobian
Should You Do COD Commentaries In 2016????,cod commentaries
"Shark Tank Most Successful Products, Entrepreneurs, Or Businesses 2015",shark tank
High School Education Be Like (Paying Taxes),high school education
I Got Bored Of Studying So This Happened,studying
Best Microphone For Youtube (Gaming Commentaries Vocals Singing Podcast),microphone
How Much Money Does Bill Gates Make / Have - Billionaire,billionaire
Best Non-Copyrighted Songs For Videos! (Intros Vlogs Gaming Trailers) 2016,non-copyrighted songs
Stupid Things People Search On Google,stupid
Stupid Things People Search On Google,google
"Ad Blocker For Chrome and Mobile, Should You Use It?",ad blocker
"Ad Blocker For Chrome and Mobile, Should You Use It?",chrome
Knives In Video Games Cost More Than Real Life????,knives
"Why I Sold My PS4, Not A Gaming Channel???",ps4
How I Will Survive The Zombie Apocalypse!,zombie apocalypse
Social Media As A Job????,job
Airplane Pilots Last Words Before Death,airplane
How Much Do T.V. Commercials Cost?????,commercials
"Black Ops 3 First Impressions, My First Game",black ops
Dogs Opinions On Youtubers Getting BO3 Early,dogs opinions
Xbox One Destroyer? COD Advertisement Is Free,xbox
What Is Yanet Actually Thinking?????,zombie apocalypse
Modern Art Is A Joke,art
What Is Crohns Disease?????,crohns disease
How Many Youtubers Are Millionaires???,millionaires
Always Changing My Name? Mr.Beast or MrBeast6000,mr.beast
Am I Ian From Smosh????,smosh
"New Optic Gaming Gear Coming To Advanced Warfare, My Thoughts",advanced warfare
People Who Got Rich From Movie Trailers On Youtube,movie trailers
SpiderMan Robs Walmart?????,spiderman robs walmart
My Solution For The Theft At The FaZe House - @FaZe_Rain @FaZeAdapt,faze
5 Popular Channels That Were Terminated,popular channels
What Is Swatting? Why I hate It!,swatting
Reddit Is In Chaos After Firing Victoria,reddit
Paid Promotion On Youtube Good?,paid promotion
The Ultimate Motivation For Small Youtubers,ultimate motivation
WORLD'S FIRST BLACK OPS 3 GUN SYNC!!,gun sync
My Top 5 Favorite Things At E3 2015,e3
How Did Notch Become A Billionaire? How Much Did Minecraft Sell For?????,billionaire
Markiplier Is A Great Man! Sub shodleech!,markiplier
How Much Money Do You Make As An Uber Driver??????,uber
How Overpriced Is Movie Popcorn?????,movie popcorn
My Baby Got a Virus :(,virus
"How To SAT, Get Into Yale",yale
Is Jacksepticeye A Millionaire?????? 2016,jacksepticeye
How To Do A High School or College Paper!,high school
Highest Paid Musicians????,highest paid musicians
Pewdiepie Was On T.V.,t.v
"How Much Does ""Epic Rap Battles"" Make?????",epic rap battles
"Top Youtube ""ShoutOuts""",shoutouts
Hearthstone - All Beards Challenge!,beards challenge
How Video Games Boosted My SAT Score. Lol,sat score
How Many Youtubers Are Millionaries?????,millionaries
"Flappy Bird - Builders Showdown, Which is Better?",flappy bird
Minecraft Mansion Timelapse,timelapse
Google+ The Death Of Youtube?????,google+
Worlds Biggest Ball Of TNT Minecraft!  Challenge Video!,worlds biggest ball
